Controller Parts ( Controller.sch ),,,,,,,,,,,,
Part Name,,Quantity,,Schematic Part Name(s),,Part Number,,Source,,Source Part #,,Notes
0.1uF Ceramic Disk Capacitors,,5,,"C1,C3,C4,C5,C6",,140-50U5-104M-RC,,Mouser,,140-50U5-104M-RC,,
1uF Electrolytic Capacitor,,1,,C2,,REA010M1HBK-0511P,,Mouser,,140-REA010M1HBK-0511P,,
5 position - Molex KK 2.54mm Lock Header,,1,,DRIVER_OUT,,22-23-2051,,Mouser,,538-22-23-2051 ,,
3 position - Molex KK 2.54mm Lock Header,,1,,TACH,,22-23-2031 ,,Mouser,,538-22-23-2031 ,,
2 position - Molex KK 2.54mm Lock Header,,1,,I2C,,22-23-2021 ,,Mouser,,538-22-23-2021 ,,
1x16 Female Header ( 2.54mm ),,1,,H1,,,,sureelectronics.net,,DC-CS11186,,
1x9 Female Header ( 2.54mm ),,1,,H2,,,,sureelectronics.net,,DC-CS11186,,
1x2 Female Header ( 2.54mm ),,1,,VTEST,,,,sureelectronics.net,,DC-CS11186,,
1x6 Male 90deg Header ( 2.54mm ),,1,,PICKIT,,68016-406HLF,,Mouser,,649-68016-406HLF,,
Green LED ( T-1 ),,1,,LED3,,WP3A8GB,,Mouser,,604-WP3A8GD,,
"LM317LZ - 0.1A, 1.2-37V Adjustable Regulator",,1,,LM317LZ,,LM317LZ,,Mouser,,512-LM317LZ,,
PIC18LF14K50,,1,,M1,,PIC18LF14K50-I/P,,Mouser,,579-PIC18LF14K50-I/P,,
500ohm Trim Pot,,1,,P1,,T73YP501KT20,,Mouser,,72-T70YP-500,,
5kohm Trim Pot,,1,,P2,,T73YP502KT20,,Mouser,,72-T70YP-500,5K,
2 Pole Terminal Block,,1,,POWER,,CS-CO017,,sureelectronics.net,,CS-CO017,,
10kohm Resistor ( 1/4 watt ),,1,,R2,,MF1/4DCT52R1002F,,Mouser,,660-MF1/4DCT52R1002F,,
1kohm Resistor ( 1/4 watt ),,3,,"R7,R8,R9",,MF1/4DCT52R1001F,,Mouser,,660-MF1/4DCT52R1001F,,
470ohm Resistor ( 1/4 watt ),,1,,R3,,MF1/4DCT52R4700F,,Mouser,,660-MF1/4DCT52R4700F,,
150ohm Resistor ( 1/4 watt ),,1,,R4,,MF1/4DCT52R1500F2,,Mouser,,660-MF1/4DCT52R1500F2,,
20pin IC Socket,,1,,M1,,DILB20P-223TLF,,Mouser,,649-DILB20P-223TLF,,
24x2 LCD Character Display,,1,,,,NHD-0224AZ-FSW-GBW,,Mouser,,763-0224AZ-FSW-GBW,,

Programmer Parts,,,,,,,,,,,,
Part Name,,Quantity,,Schematic Part Name(s),,Part Number,,Source,,Source Part #,,Notes
PICKIT2,,1,,,,PG164120,,Microchipdirect.com,,PG164120,,

Driver Parts ( Driver.sch ),,,,,,,,,,,,
Part Name,,Quantity,,Schematic Part Name(s),,Part Number,,Source,,Source Part #,,Notes
"LM317TG - 1.5A, 1.2-37V Adjustable Regulator",,1,,317T,,LM317TG,,Mouser,,863-LM317TG,,
Bridge Rectifier 8A 600V,,1,,BR1,,GBU8J,,Mouser,,512-GBU8J,,"Replaces TS20P03G (20A/200V). GBU8J is only rated 8A continuous vs the 15A F1 fuse rating - verify actual motor current stays well under this before relying on it."
0.1uF Ceramic Disk Capacitors,,1,,C1,,140-50U5-104M-RC,,Mouser,,140-50U5-104M-RC,
1uF Electrolytic Capacitor,,1,,C2,,REA010M1HBK-0511P,,Mouser,,140-REA010M1HBK-0511P,
470uF 200V Electrolytic Capacitor,,1,,C4,,SLP471M200C3P3,,Mouser,,598-SLP471M200C3P3,
5 position - Molex KK 2.54mm Lock Header,,1,,CONTROLLER_IN,,22-23-2051,,Mouser,,538-22-23-2051 ,
2 position - Molex KK 2.54mm Lock Header,,3,,"FAN1,FAN2,REV",,22-23-2021 ,,Mouser,,538-22-23-2021 ,
5kohm Trim Pot,,2,,"CSENSE_ADJUST, POT1",,T73YP502KT20,,Mouser,,72-T70YP-500,5K
Motor Flyback Diode - Ultrafast 1200V,,1,,MOTOR_FLYBACK,,STTH6012W,,Mouser,,511-STTH6012W,
Relay Flyback Diode,,1,,D1,,1N4148TA,,Mouser,,512-1N4148TA,
Fuse Holder Clips ( 5mm ),,2,,F1,,01000020Z,,Mouser,,576-01000020Z,
Fuse 5x20 250V 12.5A,,1,,F1,,1.1015,,Mouser,,693-0001.1015,
LM393AN Comparator,,1,,IC1,,LM393AN,,Mouser,,512-LM393AN,
Green LED ( T-1 ),,1,,LED1,,WP3A8GB,,Mouser,,604-WP3A8GD,
Red LED ( T-1 ),,1,,LED2,,WP710A10ID,,Mouser,,604-WP710A10ID,
25k White LED ( 5mm ),,1,,LED3,,C503B-WAN-CBADA152,,Mouser,,941-C503BWANCBADA152,
Logic Output Optocouplers,,3,,"OK1,OK2,OK3",,H11L2,,Mouser,,638-H11L2,
2 Pole Terminal Block,,1,,POWER_IN,,CS-CO017,,sureelectronics.net,,CS-CO017,
"Power Mosfet - 250V, 57A 33mOhm, 99nC",,1,,Q1,,IRFP4332PBF,,Mouser,,638-IRFP4332PBF,,
Heatsinks,,3,,,,,,,,,,"My aluminum case provides the heatsink for Q1 ( drive mosfet ) and MOTOR_FLYBACK. If you do not have a case that can act as a big heatsink, these two components will need a fairly decent sized heatsink(s). I also have a smaller heatsink on BR1 ( the bridge rectifier )"
1kohm Resistor ( 1/4 watt ),,8,,"R1,R6,R9,R10,R12,R13,R17,R19",,MF1/4DCT52R1001F,,Mouser,,660-MF1/4DCT52R1001F,,
1Mohm Resistor ( 1/4 watt ),,2,,"R8,R16",,MF1/4DCT52R1004F,,Mouser,,660-MF1/4DCT52R1004F,,
150ohm Resistor ( 1/4 watt ),,1,,R4,,MF1/4DCT52R1500F2,,Mouser,,660-MF1/4DCT52R1500F2,,
200kohm Resistor ( 1/4 watt ),,1,,R7_BLEED,,MF1/4DCT52R2003F,,Mouser,,660-MF1/4DCT52R2003F,,
22kohm Resistor ( 1/4 watt ),,1,,R15,,MF1/4DC2202F,,Mouser,,660-MF1/4DC2202F,,
10ohm Resistor ( 1/4 watt ),,3,,"R20,R21,R22",,MF1/4DC10R0F,,Mouser,,660-MF1/4DC10R0F,,
"0.01ohm, 3 watt Current Sense Resistor",,1,,RSENSE,,630HR010E,,Mouser,,588-630HR010E,,
PN2907 BJT PNP Transistor,,1,,T1,,PN2907ATF,,Mouser,,512-PN2907ATF,,"T2/T3/T4 removed - replaced by IC2 (MIC4422) gate driver. T1 remains - it drives the REV MOSFET via OK2, unrelated to the motor gate drive."
MIC4422 9A Low-Side MOSFET Driver (PDIP-8),,1,,IC2,,MIC4422YN,,Mouser,,998-MIC4422YN,,"Replaces discrete T2/T3/T4/R5/R18 push-pull driver. PLACEHOLDER WIRED in Driver1: IC2 is currently an LM393 DIP-8 symbol (no exact MIC4422 part in library) standing in for the real part - swap the symbol/footprint for a real MIC4422YN before fabrication. Wired as: +IN1->PWM net, -IN1->GND (reference), OUT1->old gate-drive node (feeds DRV_0/Q1 gate network and LED1), VCC->+12V, GND->GND. Add a 0.1-1uF ceramic decoupling cap from VCC to GND next to the IC."
8pin IC Socket,,1,,IC1,,DILB8P-223TLF,,Mouser,,649-DILB8P223TLF,,
6pin IC Socket,,3,,"OK1,OK2,OK3",,ICS-306-T,,Mouser,,737-ICS-306-T,,

Motor Hookup & Reverse Parts ( Motor.sch ),,,,,,,,,,,,
Part Name,,Quantity,,Schematic Part Name(s),,Part Number,,Source,,Source Part #,,Notes
"12VDC, 10A DPDT Plug-In Relay",,1,,,,275-218,,Radioshack,,275-218,,"Could use other relay, even with solder leads - the plug in relays work well with connectors terminated by female 1/4"" fully insulated quick disconnects"
"1/4"" Fully Insulated Quick Disconnects",,2,,,,"64-3133, 64-3131",,Radioshack,,"64-3133, 64-3131",,"Two part numbers, one for blue and one for red, comes in packs of 10 - use for both Motor & 120VAC lines"
16 gauge stranded hookup wire,,,,,,,,Radioshack,,,,

120VAC Line In Parts ( 120VAC.sch ),,,,,,,,,,,,
Part Name,,Quantity,,Schematic Part Name(s),,Part Number,,Source,,Source Part #,,Notes
16 gauge stranded hookup wire,,1,,,,,,Radioshack,,,,
"1/4"" Fully Insulated Quick Disconnects",,2,,,,"64-3133, 64-3131",,Radioshack,,"64-3133, 64-3131",,"Two part numbers, one for blue and one for red, comes in packs of 10 - use for both Motor & 120VAC lines"
Inline Fuse Holder ( 20A ) - 1-1/4x1/4,,1,,,,270-1217,,Radioshack,,270-1217,,
15A Fuse - 1-1/4x1/4,,1,,,,BK/AGC-15-R,,Mouser,,504-BK/AGC-15-R,,

Tachometer Parts ( Tachometer.sch ),,,,,,,,,,,,
Part Name,,Quantity,,Schematic Part Name(s),,Part Number,,Source,,Source Part #,,Notes
0.1uF Ceramic Disk Capacitors,,1,,C1,,140-50U5-104M-RC,,Mouser,,140-50U5-104M-RC,,
1N914 Diode ( 4ns ),,3,,"D1,D2,D3",,1N914,,Mouser,,512-1N914,,
3 position - Molex KK 2.54mm Lock Header,,1,,X1,,22-23-2031 ,,Mouser,,538-22-23-2031 ,,
1kohm Resistor ( 1/4 watt ),,1,,R3,,MF1/4DCT52R1001F,,Mouser,,660-MF1/4DCT52R1001F,,
10kohm Resistor ( 1/4 watt ),,1,,R2,,MF1/4DCT52R1002F,,Mouser,,660-MF1/4DCT52R1002F,,
680ohm Resistor ( 1/4 watt ),,1,,R1,,MF1/4DCT52R6800F,,Mouser,,660-MF1/4DCT52R6800F,,
PN2222 BJT NPN Transistor,,1,,T1,,PN2222ATFR,,Mouser,,512-PN2222ATFR,,
1x3 Male 90deg Header ( 2.54mm ),,1,,JP1,,69191-403HLF,,Mouser,,649-69191-403HLF,,
QRD1114 - Reflective IR Sensor,,1,,S1,,QRD1114,,Mouser,,512-QRD1114,,

Connector Parts,,,,,,,,,,,,
Part Name,,Quantity,,Schematic Part Name(s),,Part Number,,Source,,Source Part #,,Notes
Molex KK 2.54mm Crimp Terminals,,16,,,,08-50-0114,,Mouser,,538-08-50-0114,,
3 position - Molex KK 2.54mm Crimp Housing,,2,,,,22-01-2037,,Mouser,,538-22-01-2037,,
5 position - Molex KK 2.54mm Crimp Housing,,2,,,,22-01-2057,,Mouser,,538-22-01-2057,,
16 Conductor Ribbon Cable,,2,,,,3302/16-CUT-LENGTH,,Mouser,,517-3302/16,,

LCD Connector Parts ( LCD.sch ),,,,,,,,,,,,
Part Name,,Quantity,,Schematic Part Name(s),,Part Number,,Source,,Source Part #,,Notes
1x8 Female Header ( 2.54mm ),,2,,,,,,sureelectronics.net,,DC-CS11186,,"LCD has 2x8 connector pads, use 2 - 1x8 headers"

LCD to Ribbon Parts ( LCD.sch ),,,,,,,,,,,,
Part Name,,Quantity,,Schematic Part Name(s),,Part Number,,Source,,Source Part #,,Notes
1x8 Male Header ( 2.54mm ) ,,2,,H1,,DC-CS11185,,sureelectronics.net,,DC-CS11185,,

LCD Ribbon to Controller Parts ( LCD.sch ),,,,,,,,,,,,
Part Name,,Quantity,,Schematic Part Name(s),,Part Number,,Source,,Source Part #,,Notes
1x16 Male Header ( 2.54mm ) ,,1,,H2,,DC-CS11185,,sureelectronics.net,,DC-CS11185,,
,,,,,,,,,,,,
Interface Parts ( Interface.sch ),,,,,,,,,,,,
Part Name,,Quantity,,Schematic Part Name(s),,Part Number,,Source,,Source Part #,,Notes
5k - 10 turn precision potentiometer ( RPM ),,1,,,,3590S-2-103L,,Mouser,,652-3590S-2-103L,,
Knob for RPM potentiometer,,1,,,,1100,,Mouser,,5164-1100,,
Red Push Button Switch ( panel mount ),,1,,,,103-1012-EVX,,Mouser,,103-1012-EVX,,
Black Push Button Switch ( panel mount ),,2,,,,103-1013-EVX,,Mouser,,103-1013-EVX,,

Interface to Controller Parts ( Interface.sch ),,,,,,,,,,,,
Part Name,,Quantity,,Schematic Part Name(s),,Part Number,,Source,,Source Part #,,Notes
1x9 Male Header ( 2.54mm ) ,,1,,H2,,DC-CS11185,,sureelectronics.net,,DC-CS11185,,

PCB Making Parts,,,,,,,,,,,,
Part Name,,Quantity,,Schematic Part Name(s),,Part Number,,Source,,Source Part #,,Notes
12x12 Copper Clad Board ( singled sided ),,1,,,,,,Amazon - Parts Express,,ASIN:B000P7ALZC,,http://www.amazon.com/gp/product/B000P7ALZC/ref=oh_details_o00_s00_i00
Ferric Chloride Etching Chemical,,1,,,,276-1535,,Radioshack,,276-1535,,http://www.radioshack.com/product/index.jsp?productId=2102868#tabsetBasic
Laser Printer,,1,,,,,,,,,,
Glossy Color Laser Paper,,1,,,,863054,,Staples.com,,863054,,
Laminator or Iron,,1,,,,,,,,,,
Drill Press,,1,,,,,,,,,,
Tungsten Carbide Micro Drills,,1,,,,,,,,,,
